,year,CIK,AssetsCurrent,LiabilitiesCurrent,NetCashProvidedByUsedInOperatingActivities,NetCashProvidedByUsedInInvestingActivities,NetCashProvidedByUsedInFinancingActivities,CashAndCashEquivalentsPeriodIncreaseDecrease,OperatingIncomeLoss,NetIncomeLoss,ticker
0,2009,0001140859,9953753000,9479610000,783763000,-148349000,-504160000,131254000,883749000,503397000,ABC
1,2009,0000829224,2035800000,1581000000,1389000000,-421100000,-642200000,330000000,562000000,390800000,SBUX
2,2009,0000796343,2473624000,844553000,1117772000,-1497096000,477658000,113037000,690513000,386508000,ADBE
4,2009,0000875045,2480595000,714942000,1074898000,-395031000,-724151000,-44284000,1295427000,970132000,BIIB
5,2009,0000100885,3680000000,2682000000,3234000000,-2175000000,-458000000,601000000,3392000000,1898000000,UNP
6,2009,0001022079,1679425000,1059212000,997418000,-195904000,-521204000,280310000,1359111000,729111000,DGX
7,2009,0000823768,3010000000,2901000000,2362000000,-1250000000,-457000000,660000000,1887000000,994000000,WM
8,2009,0001306830,2856000000,1607000000,596000000,31000000,-112000000,578000000,290000000,488000000,CE
9,2009,0000007332,564501000,536416000,1359376000,-1780604000,238135000,-183093000,-34966000,-35650000,SWN
11,2009,0001018963,1997600000,624600000,218500000,-453700000,474100000,238900000,92700000,31700000,ATI
13,2010,0000103379,2629356000,1092583000,973485000,-316876000,-319343000,349705000,736817000,461271000,VFC
25,2010,0000040704,3480000000,3769100000,2181200000,-721200000,-1503800000,-76600000,2606100000,1530500000,GIS
27,2010,0000731802,875192000,1166079000,726476000,-542702000,-163025000,20749000,489436000,205839000,ATO
38,2010,0000755001,117100000,126900000,25900000,-49600000,24900000,1200000,28000000,9600000,UTL
39,2010,0000755001,117100000,126900000,25900000,-49600000,24900000,1200000,28000000,9600000,UTL
40,2010,0000755001,117100000,126900000,25900000,-49600000,24900000,1200000,28000000,9600000,UTL
41,2010,0000755001,117100000,126900000,25900000,-49600000,24900000,1200000,28000000,9600000,UTL
42,2010,0000755001,117100000,126900000,25900000,-49600000,24900000,1200000,28000000,9600000,UTL
43,2010,0000755001,117100000,126900000,25900000,-49600000,24900000,1200000,28000000,9600000,UTL
44,2010,0000755001,117100000,126900000,25900000,-49600000,24900000,1200000,28000000,9600000,UTL
45,2010,0000755001,117100000,126900000,25900000,-49600000,24900000,1200000,28000000,9600000,UTL
46,2010,0000876167,483858000,237676000,96201000,-45163000,68164000,110686000,67670000,48571000,PRGS
49,2010,0001133421,9904000000,8386000000,2453000000,-761000000,-1266000000,426000000,788000000,376000000,NOC
53,2011,0000091440,1765500000,881100000,140400000,-303000000,34800000,-127200000,331400000,186500000,SNA
55,2011,0000091440,1530700000,583800000,140400000,-303000000,34800000,-127200000,331400000,186500000,SNA
58,2010,0000048898,1226100000,445000000,266200000,-54700000,45500000,262200000,367800000,217200000,HUBB
59,2010,0000006201,6838000000,8780000000,1241000000,-2030000000,804000000,15000000,308000000,-471000000,AAL
60,2010,0000931148,545884000,220643000,144922000,-321552000,138240000,-38390000,159182000,175068000,EAF
61,2010,0000931148,545884000,220643000,144922000,-321552000,138240000,-38390000,158040000,174660000,EAF
62,2010,0000931148,545884000,220643000,144922000,-321552000,138240000,-38390000,159182000,175068000,EAF
63,2010,0000931148,545884000,220643000,144922000,-321552000,138240000,-38390000,158040000,174660000,EAF
64,2010,0000931148,545884000,220643000,144922000,-321552000,138240000,-38390000,159182000,175068000,EAF
65,2010,0000931148,545884000,220643000,144922000,-321552000,138240000,-38390000,158040000,174660000,EAF
66,2010,0000931148,545884000,220643000,144922000,-321552000,138240000,-38390000,159182000,175068000,EAF
67,2010,0000931148,545884000,220643000,144922000,-321552000,138240000,-38390000,158040000,174660000,EAF
68,2010,0000350894,683719000,127600000,229326000,-41475000,-282436000,-94585000,217533000,231687000,SEIC
69,2010,0001048477,504260000,83844000,18746000,-101342000,3504000,-79092000,544000,205819000,BMRN
70,2010,0000821189,2527446000,2220099000,2708602000,-4902774000,2303419000,103102000,523319000,160654000,EOG
72,2010,0000313927,649481000,447092000,428482000,-180448000,-503724000,-257941000,444953000,270717000,CHD
73,2010,0000029989,10194100000,11023100000,1488000000,-293700000,-537300000,701700000,439700000,246400000,OMC
74,2010,0000940942,329160000,167418000,37654000,-24798000,-24590000,-11719000,69882000,43458000,HUBG
79,2010,0000917520,444849000,200032000,105571000,-42316000,-1574000,56872000,98694000,65669000,IART
84,2011,0000105319,190442000,539135000,281484000,-28646000,-256812000,-5603000,390345000,194235000,WW
86,2011,0001108524,1074924000,1276466000,459081000,-1062554000,14074000,-587014000,-391000,10913000,CRM
127,2011,0000914025,617720000,93602000,158232000,-169911000,-55371000,-65586000,140712000,109243000,POLY
130,2011,0001285785,6684900000,1928500000,2426700000,-572100000,-585000000,1383400000,2664200000,2514600000,MOS
131,2011,0000066382,478100000,272200000,91100000,-31400000,-50200000,13800000,123300000,70800000,MLKN
145,2011,0000842023,230417000,18188000,127194000,-114185000,-36288000,-16526000,163055000,112302000,TECH
234,2011,0000912603,653999000,233313000,140463000,-399901000,279951000,19120000,56255000,36708000,SCHN
236,2011,0001041803,292777000,218227000,75599000,-39445000,-30640000,3471000,90880000,61750000,PSMT
237,2011,0001041803,292777000,218227000,75599000,-39445000,-30640000,3471000,90880000,61750000,PSMT
238,2011,0001041803,292777000,218227000,75599000,-39445000,-30640000,3471000,90880000,61750000,PSMT
239,2011,0001041803,292777000,218227000,75599000,-39445000,-30640000,3471000,90880000,61750000,PSMT
240,2011,0001041803,292777000,218227000,75599000,-39445000,-30640000,3471000,90880000,61750000,PSMT
241,2011,0001041803,292777000,218227000,75599000,-39445000,-30640000,3471000,90880000,61750000,PSMT
242,2011,0001041803,292777000,218227000,75599000,-39445000,-30640000,3471000,90880000,61750000,PSMT
243,2011,0001041803,292777000,218227000,75599000,-39445000,-30640000,3471000,90880000,61750000,PSMT
252,2011,0000720500,174851000,80794000,15426000,-6238000,2058000,10618000,38279000,22882000,ASYS
253,2011,0000720500,174851000,80794000,15426000,-6238000,2058000,10618000,38279000,22882000,ASYS
254,2011,0000720500,174851000,80794000,15426000,-6238000,2058000,10618000,38279000,22882000,ASYS
255,2011,0000720500,174851000,80794000,15426000,-6238000,2058000,10618000,38279000,22882000,ASYS
256,2011,0000720500,174851000,80794000,15426000,-6238000,2058000,10618000,38279000,22882000,ASYS
257,2011,0000720500,174851000,80794000,15426000,-6238000,2058000,10618000,38279000,22882000,ASYS
258,2011,0000720500,174851000,80794000,15426000,-6238000,2058000,10618000,38279000,22882000,ASYS
259,2011,0000720500,174851000,80794000,15426000,-6238000,2058000,10618000,38279000,22882000,ASYS
268,2011,0000038777,7616768000,1312064000,1621778000,435913000,-968185000,1074897000,2659827000,1923580000,BEN
270,2011,0001005210,297822000,151514000,132786000,-19505000,-120636000,-7355000,143228000,114966000,SPH
273,2011,0000063296,369846000,161741000,95564000,-106812000,10403000,556000,118516000,72372000,MATW
276,2011,0000897723,2629246000,1265885000,234908000,-98105000,-88954000,47476000,211997000,68917000,SANM
290,2011,0000090168,39658000,14434000,10220000,-22713000,283000,-12210000,10855000,7449000,SIF
291,2011,0000090168,39658000,14434000,10220000,-22713000,283000,-12210000,10855000,7449000,SIF
292,2011,0000090168,39658000,14434000,10220000,-22713000,283000,-12210000,10855000,7449000,SIF
293,2011,0000090168,39658000,14434000,10220000,-22713000,283000,-12210000,10855000,7449000,SIF
294,2011,0000090168,39658000,14434000,10220000,-22713000,283000,-12210000,10855000,7449000,SIF
295,2011,0000090168,39658000,14434000,10220000,-22713000,283000,-12210000,10855000,7449000,SIF
296,2011,0000090168,39658000,14434000,10220000,-22713000,283000,-12210000,10855000,7449000,SIF
297,2011,0000090168,39658000,14434000,10220000,-22713000,283000,-12210000,10855000,7449000,SIF
298,2011,0001074828,1662909,4865384,-1312291,-107633,1428300,8376,-2259491,-2409756,KNWN
300,2011,0001124941,678865000,268034000,79290000,-47832000,-5045000,25891000,103742000,59220000,BECN
301,2011,0000844059,34694000,18232000,20601000,-11603000,-5123000,3875000,14369000,12211000,FRPH
302,2011,0000844059,34694000,18232000,20601000,-11603000,-5123000,3875000,14369000,12211000,FRPH
303,2011,0000844059,34694000,18232000,20601000,-11603000,-5123000,3875000,14369000,12211000,FRPH
304,2011,0000844059,34694000,18232000,20601000,-11603000,-5123000,3875000,14369000,12211000,FRPH
305,2011,0000844059,34694000,18232000,20601000,-11603000,-5123000,3875000,14369000,12211000,FRPH
306,2011,0000844059,34694000,18232000,20601000,-11603000,-5123000,3875000,14369000,12211000,FRPH
307,2011,0000844059,34694000,18232000,20601000,-11603000,-5123000,3875000,14369000,12211000,FRPH
308,2011,0000844059,34694000,18232000,20601000,-11603000,-5123000,3875000,14369000,12211000,FRPH
319,2011,0000047217,51021000000,50442000000,12639000000,-13959000000,-1566000000,-2886000000,9677000000,7074000000,HPQ
321,2011,0001117171,197228929,302600446,35318299,-31045559,-2800346,2269604,-14172489,-24537364,CBAT
336,2011,0000936395,1332838000,453493000,-90485000,-68570000,13202000,-146791000,-163193000,-195521000,CIEN
337,2011,0000936395,1332838000,453493000,-90485000,-68570000,13202000,-146791000,-163193000,-195521000,CIEN
338,2011,0000936395,1332838000,453493000,-90485000,-68570000,13202000,-146791000,-163193000,-195521000,CIEN
339,2011,0000936395,1332838000,453493000,-90485000,-68570000,13202000,-146791000,-163193000,-195521000,CIEN
340,2011,0000936395,1332838000,453493000,-90485000,-68570000,13202000,-146791000,-163193000,-195521000,CIEN
341,2011,0000936395,1332838000,453493000,-90485000,-68570000,13202000,-146791000,-163193000,-195521000,CIEN
342,2011,0000936395,1332838000,453493000,-90485000,-68570000,13202000,-146791000,-163193000,-195521000,CIEN
343,2011,0000936395,1332838000,453493000,-90485000,-68570000,13202000,-146791000,-163193000,-195521000,CIEN
371,2011,0000716688,2297142,639032,466023,-281302,-392555,-207834,207069,242915,MFCO
376,2011,0001069533,31004245,31027444,10683344,-7589102,-1888443,1205799,9313046,4653473,RGCO
377,2011,0001048268,161124000,98287000,-11852000,15343000,-838000,2653000,-35348000,-37693000,IESC
378,2011,0001492617,4,16760,-16413,0,14481,-1932,-27256,-27256,PGLO
380,2011,0000788329,176445000,65000000,30980000,-13323000,-8648000,11198000,17670000,32644000,JOUT
389,2011,0000808326,91351000,67058000,-6289000,-15286000,17887000,-4346000,-32527000,-34219000,EMKR
390,2011,0000808326,91351000,67058000,-6289000,-15286000,17887000,-4346000,-32527000,-34219000,EMKR
391,2011,0000808326,91351000,67058000,-6289000,-15286000,17887000,-4346000,-32527000,-34219000,EMKR
392,2011,0000808326,91351000,67058000,-6289000,-15286000,17887000,-4346000,-32527000,-34219000,EMKR
393,2011,0000808326,91351000,67058000,-6289000,-15286000,17887000,-4346000,-32527000,-34219000,EMKR
394,2011,0000808326,91351000,67058000,-6289000,-15286000,17887000,-4346000,-32527000,-34219000,EMKR
395,2011,0000808326,91351000,67058000,-6289000,-15286000,17887000,-4346000,-32527000,-34219000,EMKR
396,2011,0000808326,91351000,67058000,-6289000,-15286000,17887000,-4346000,-32527000,-34219000,EMKR
397,2011,0000030831,15644122,6207295,3766380,-1780194,-1745126,367874,2243835,1348734,DYSL
398,2011,0000030831,15644122,6207295,3766380,-1780194,-1745126,367874,2243835,1348734,DYSL
399,2011,0000030831,15644122,6207295,3766380,-1780194,-1745126,367874,2243835,1348734,DYSL
400,2011,0000030831,15644122,6207295,3766380,-1780194,-1745126,367874,2243835,1348734,DYSL
401,2011,0000030831,15644122,6207295,3766380,-1780194,-1745126,367874,2243835,1348734,DYSL
402,2011,0000030831,15644122,6207295,3766380,-1780194,-1745126,367874,2243835,1348734,DYSL
403,2011,0000030831,15644122,6207295,3766380,-1780194,-1745126,367874,2243835,1348734,DYSL
404,2011,0000030831,15644122,6207295,3766380,-1780194,-1745126,367874,2243835,1348734,DYSL
429,2011,0001502152,21942,31625,-52480,0.0,65500,13020,-54105,-54105,GSTC
430,2011,0001502152,21942,31625,-52480,0.0,65500,13020,-54105,-54105,GSTC
431,2011,0001502152,21942,31625,-52480,0.0,65500,13020,-54105,-54105,GSTC
432,2011,0001502152,21942,31625,-52480,0.0,65500,13020,-54105,-54105,GSTC
433,2011,0001502152,21942,31625,-52480,0.0,65500,13020,-54105,-54105,GSTC
434,2011,0001502152,21942,31625,-52480,0.0,65500,13020,-54105,-54105,GSTC
435,2011,0001502152,21942,31625,-52480,0.0,65500,13020,-54105,-54105,GSTC
436,2011,0001502152,21942,31625,-52480,0.0,65500,13020,-54105,-54105,GSTC
469,2011,0000040570,7108000,6121000,-2290000,-284000,1943000,-631000,556000,358000,JOB
470,2011,0000040570,7108000,6121000,-2290000,-284000,1943000,-631000,556000,358000,JOB
471,2011,0000040570,7108000,6121000,-2290000,-284000,1943000,-631000,556000,358000,JOB
472,2011,0000040570,7108000,6121000,-2290000,-284000,1943000,-631000,556000,358000,JOB
473,2011,0000040570,7108000,6121000,-2290000,-284000,1943000,-631000,556000,358000,JOB
474,2011,0000040570,7108000,6121000,-2290000,-284000,1943000,-631000,556000,358000,JOB
475,2011,0000040570,7108000,6121000,-2290000,-284000,1943000,-631000,556000,358000,JOB
476,2011,0000040570,7108000,6121000,-2290000,-284000,1943000,-631000,556000,358000,JOB
477,2011,0000012040,8293000,6473000,4352000,-4172000,-2363000,-2183000,3127000,1449000,BDL
478,2011,0001397016,8011000,1795000,1114000,-31000,-599000,484000,78000,591000,OPXS
483,2011,0001497649,714818,255087,477266,-3398308,3217349,296307,330404,-1109397,GSTX
505,2011,0001174891,12998,71513,-52996,1,35000,-18550,-57658,68857,BUUZ
506,2011,0001174891,12998,71513,-52996,1,35000,-18550,-57658,68857,BUUZ
507,2011,0001174891,12998,71513,-52996,1,35000,-18550,-57658,68857,BUUZ
508,2011,0001174891,12998,71513,-52996,1,35000,-18550,-57658,68857,BUUZ
509,2011,0001174891,12998,71513,-52996,1,35000,-18550,-57658,68857,BUUZ
510,2011,0001174891,12998,71513,-52996,1,35000,-18550,-57658,68857,BUUZ
511,2011,0001174891,12998,71513,-52996,1,35000,-18550,-57658,68857,BUUZ
512,2011,0001174891,12998,71513,-52996,1,35000,-18550,-57658,68857,BUUZ
516,2011,0000810136,305207000,95901000,136553000,-100737000,54525000,90983000,75467000,16229000,PLAB
536,2011,0000797465,62522000,16456000,-7307000,-4407000,1882000,-9832000,-6779000,-5025000,STLY
537,2011,0001304161,9607782,2523637,2140273,-123111,-25162,1999557,3451998,3158981,PBSV
538,2011,0001304161,9607782,2523637,2140273,-123111,-25162,1999557,3451998,3158981,PBSV
539,2011,0001304161,9607782,2523637,2140273,-123111,-25162,1999557,3451998,3158981,PBSV
540,2011,0001304161,9607782,2523637,2140273,-123111,-25162,1999557,3451998,3158981,PBSV
541,2011,0001304161,9607782,2523637,2140273,-123111,-25162,1999557,3451998,3158981,PBSV
542,2011,0001304161,9607782,2523637,2140273,-123111,-25162,1999557,3451998,3158981,PBSV
543,2011,0001304161,9607782,2523637,2140273,-123111,-25162,1999557,3451998,3158981,PBSV
544,2011,0001304161,9607782,2523637,2140273,-123111,-25162,1999557,3451998,3158981,PBSV
546,2011,0001081745,68,81832,-83871,-22061,106000,68,-10149,-15812,INLX
549,2011,0001181749,27542361,13680184,11879586,-50020,-9429231,2400335,12165367,12291856,GFGY
552,2011,0001177394,2438415000,1372253000,219153000,-126388000,-114443000,-20467000,256228000,150331000,SNX
560,2011,0000094845,1743221000,872261000,1848000,-140957000,77707000,-65184000,336393000,137953000,LEVI
570,2011,0001393883,83603000,83972000,64494000,-10614000,-41595000,12207000,54947000,34100000,DHX
572,2011,0001272830,124770000,204955000,146786000,-37604000,-130138000,-20071000,116350000,409044000,VG
578,2011,0001048286,1324000000,2558000000,1089000000,-247000000,-1245000000,-403000000,526000000,198000000,MAR
579,2011,0000045012,11577000000,4121000000,3684000000,-3190000000,833000000,1300000000,4737000000,2839000000,HAL
580,2011,0001141391,7741000000,4217000000,2684000000,-748000000,-1215000000,667000000,-10000000,19000000,MA
603,2011,0000065759,19016,1673,1468,-1807,-258,-597,2416,1643,MPAD
607,2011,0001051470,599152000,402106000,643454000,-399865000,-275712000,-32411000,176846000,48911000,CCI
609,2011,0001306830,2703000000,1385000000,638000000,-441000000,-253000000,-58000000,690000000,607000000,CE
611,2011,0001047127,996830000,642186000,516832000,-430534000,-58877000,29633000,193670000,91808000,AMKR
614,2011,0000050863,25872000000,12028000000,20963000000,-10301000000,-11100000000,-433000000,17477000000,12942000000,INTC
616,2011,0000931148,731950000,277253000,76597000,-161966000,85461000,92000,166009000,153184000,EAF
618,2011,0000020520,1270030000,1183216000,1572681000,-762672000,-735178000,74831000,230457000,42247000,FYBR
621,2011,0000877890,1373030000,1179130000,679122000,-451181000,-292614000,-62866000,135814000,108699000,CTXS
628,2011,0000021344,25497000000,24283000000,9474000000,-2524000000,-2234000000,4286000000,10154000000,8572000000,KO
629,2011,0001408075,1314100000,645500000,387800000,-211800000,-42200000,133100000,63100000,265600000,GPK
630,2011,0001408075,1314100000,645500000,387800000,-211800000,-42200000,133100000,63100000,265600000,GPK
631,2011,0001408075,1314100000,645500000,387800000,-211800000,-42200000,133100000,63100000,265600000,GPK
632,2011,0001408075,1314100000,645500000,387800000,-211800000,-42200000,133100000,63100000,265600000,GPK
633,2011,0001408075,1314100000,645500000,387800000,-211800000,-42200000,133100000,63100000,265600000,GPK
634,2011,0001408075,1314100000,645500000,387800000,-211800000,-42200000,133100000,63100000,265600000,GPK
635,2011,0001408075,1314100000,645500000,387800000,-211800000,-42200000,133100000,63100000,265600000,GPK
636,2011,0001408075,1314100000,645500000,387800000,-211800000,-42200000,133100000,63100000,265600000,GPK
637,2011,0001408075,1314100000,645500000,387800000,-211800000,-42200000,133100000,63100000,265600000,GPK
638,2011,0001408075,1314100000,645500000,387800000,-211800000,-42200000,133100000,63100000,265600000,GPK
639,2011,0001408075,1314100000,645500000,387800000,-211800000,-42200000,133100000,63100000,265600000,GPK
640,2011,0001408075,1314100000,645500000,387800000,-211800000,-42200000,133100000,63100000,265600000,GPK
641,2011,0001408075,1314100000,645500000,387800000,-211800000,-42200000,133100000,63100000,265600000,GPK
642,2011,0001408075,1314100000,645500000,387800000,-211800000,-42200000,133100000,63100000,265600000,GPK
643,2011,0001408075,1314100000,645500000,387800000,-211800000,-42200000,133100000,63100000,265600000,GPK
644,2011,0001408075,1314100000,645500000,387800000,-211800000,-42200000,133100000,63100000,265600000,GPK
645,2011,0001408075,1314100000,645500000,387800000,-211800000,-42200000,133100000,63100000,265600000,GPK
646,2011,0001408075,1314100000,645500000,387800000,-211800000,-42200000,133100000,63100000,265600000,GPK
647,2011,0001408075,1314100000,645500000,387800000,-211800000,-42200000,133100000,63100000,265600000,GPK
648,2011,0001408075,1314100000,645500000,387800000,-211800000,-42200000,133100000,63100000,265600000,GPK
649,2011,0001408075,1314100000,645500000,387800000,-211800000,-42200000,133100000,63100000,265600000,GPK
650,2011,0001408075,1314100000,645500000,387800000,-211800000,-42200000,133100000,63100000,265600000,GPK
651,2011,0001408075,1314100000,645500000,387800000,-211800000,-42200000,133100000,63100000,265600000,GPK
652,2011,0001408075,1314100000,645500000,387800000,-211800000,-42200000,133100000,63100000,265600000,GPK
653,2011,0001408075,1314100000,645500000,387800000,-211800000,-42200000,133100000,63100000,265600000,GPK
654,2011,0001408075,1314100000,645500000,387800000,-211800000,-42200000,133100000,63100000,265600000,GPK
655,2011,0001408075,1314100000,645500000,387800000,-211800000,-42200000,133100000,63100000,265600000,GPK
656,2011,0001013462,740033000,438751000,307661000,-291643000,-9676000,-651000,265559000,180675000,ANSS
668,2011,0000768899,280615000,112289000,30589000,-26938000,-57215000,-53842000,47834000,30791000,TBI
669,2011,0001144980,792500000,636300000,-181100000,34300000,136900000,-9900000,133900000,67900000,ABG
677,2011,0001001601,4204000,786000,-7635000,1968000,639000,-4730000,-7862000,-4549000,MGTI
679,2011,0001010086,52978703,6922777,25574036,14758260,2592581,42924877,-31381437,13594176,SIGA
683,2011,0001023364,22324000,8291000,2204000,164000,22000,2390000,725000,416000,AUTO
686,2011,0001085869,74988000,23512000,14320000,-8785000,-8538000,-2975000,18532000,10747000,PRFT
687,2011,0000077877,173050000,195046000,166834000,-456401000,243433000,-46134000,39833000,13437000,PDCE
692,2011,0001046327,249563000,88776000,-708000,6624000,-133542000,-129685000,-37610000,-27100000,RNWK
694,2011,0001274494,2613261000,973724000,-33463000,-676457000,571218000,-160070000,-68664000,-39493000,FSLR
696,2011,0001082324,74470000,6356000,-18252000,28968000,4131000,14847000,-17376000,-17263000,VHC
697,2011,0001082324,74470000,6356000,-18252000,28968000,4131000,14847000,-6690000,-6215000,VHC
700,2011,0001082324,74470000,6356000,-18252000,28968000,4131000,14847000,-17376000,-17263000,VHC
701,2011,0001082324,74470000,6356000,-18252000,28968000,4131000,14847000,-6690000,-6215000,VHC
704,2011,0001124804,680649000,510757000,268754000,-95674000,-143639000,28350000,136544000,73609000,MDRX
705,2011,0000789933,1375100000,891200000,155200000,-32700000,-42000000,76700000,174100000,162100000,NC
714,2011,0001403431,44474000,28932000,4903000,45615000,21141000,-19571000,2496000,1474000,HCCI
726,2011,0001075736,21552000,13171000,-1648000,-2396000,-1505000,-5549000,-5891000,-6230000,CXDO
737,2011,0001092662,8991582,2857626,2268408,-726680,-667125,874603,1087887,6208791,CEMI
739,2011,0000102752,178447000,107324000,34260000,-182921000,143348000,-5313000,36680000,20552000,VSEC
740,2011,0001040161,26097000,12887000,-735000,11836000,-12881000,-1780000,-7805000,-6566000,PXLW
741,2011,0001062822,285790000,21390000,-87938000,69955000,157084000,139101000,-114095000,-116215000,LXRX
770,2011,0000906553,342894000,472020000,253510000,-362787000,142410000,33133000,233104000,-3854000,BYD
772,2011,0000002098,46522364,8704020,2063068,-4169552,3428433,1251927,4284964,2811193,ACU
774,2011,0000886744,125625000,13444000,-62392000,32139000,386000,-29867000,-96116000,-96853000,GERN
776,2011,0001069878,102054000,120628000,33847000,-9367000,-47224000,-22744000,2171000,-11588000,TREX
777,2011,0000868278,13195000,7853000,-2108000,-134000,-449000,-2691000,-2738000,-2710000,PRPH
778,2011,0000045919,275517000,205069000,60665000,-17551000,-42178000,782000,75406000,44198000,HHS
782,2011,0001078207,58087000,38648000,4598000,-852000,-32000,3131000,3599000,1420000,NLS
783,2011,0001322439,55890837,69121710,58296117,-157786210,-4556384,-104046477,31668291,-14819749,EGLE
786,2011,0000874238,164023000,69285000,20988000,-42706000,-11352000,-33070000,14766000,-35900000,STRL
790,2011,0001162461,106095000,17020000,-5168000,5287000,1382000,1501000,-10432000,-10061000,CUTR
793,2011,0000902791,128957000,79318000,31355000,-4176000,-8532000,18647000,3934000,14318000,BBSI
796,2011,0001220754,158093398,106886803,31038238,-14615765,-34455563,-18076783,36639165,16940194,MODV
797,2011,0001289340,34236171,40832389,-31569278,-1031749,11307127,-21293900,-31941208,-32031175,STXS
798,2011,0000749647,31508485,6152424,-22742437,-11087088,52836463,19006938,-23018769,-23222678,CLSN
799,2011,0000891532,51775000,40226000,20759000,-12985000,4180000,11954000,11737000,14064000,PESI
802,2011,0000814549,63817000,49779000,71286000,-13320000,-55537000,299000,68748000,71378000,EBIX
803,2011,0000814549,63817000,49779000,71286000,-13320000,-55537000,299000,68748000,71378000,EBIX
804,2011,0000814549,63817000,49779000,71286000,-13320000,-55537000,299000,68748000,71378000,EBIX
805,2011,0000814549,63817000,49779000,71286000,-13320000,-55537000,299000,68748000,71378000,EBIX
806,2011,0000814549,63817000,49779000,71286000,-13320000,-55537000,299000,68748000,71378000,EBIX
807,2011,0000814549,63817000,49779000,71286000,-13320000,-55537000,299000,68748000,71378000,EBIX
808,2011,0000814549,63817000,49779000,71286000,-13320000,-55537000,299000,68748000,71378000,EBIX
809,2011,0000814549,63817000,49779000,71286000,-13320000,-55537000,299000,68748000,71378000,EBIX
813,2011,0001080709,60260000,14360000,-78257000,-672000,-14158000,-93037000,-82799000,-109224000,ARNA
822,2011,0000029332,100999000,34582000,5054000,-6735000,1735000,54000,5668000,986000,DXYN
827,2011,0000822411,6744454,1761289,-6383742,-84392,7801526,1333392,-8625502,-5719903,IMUC
832,2011,0000008328,10524447,3948611,-4699735,-270387,13498318,8528196,-7167107,-7482636,AMNL
833,2011,0000008328,10524447,3948611,-4699735,-270387,13498318,8528196,-7167107,-7482636,AMNL
834,2011,0000008328,10524447,3948611,-4699735,-270387,13498318,8528196,-7167107,-7482636,AMNL
835,2011,0000008328,10524447,3948611,-4699735,-270387,13498318,8528196,-7167107,-7482636,AMNL
836,2011,0000008328,10524447,3948611,-4699735,-270387,13498318,8528196,-7167107,-7482636,AMNL
837,2011,0000008328,10524447,3948611,-4699735,-270387,13498318,8528196,-7167107,-7482636,AMNL
838,2011,0000008328,10524447,3948611,-4699735,-270387,13498318,8528196,-7167107,-7482636,AMNL
839,2011,0000008328,10524447,3948611,-4699735,-270387,13498318,8528196,-7167107,-7482636,AMNL
840,2011,0000008328,10524447,3948611,-4699735,-270387,13498318,8528196,-7167107,-7482636,AMNL
841,2011,0000008328,10524447,3948611,-4699735,-270387,13498318,8528196,-7167107,-7482636,AMNL
842,2011,0000008328,10524447,3948611,-4699735,-270387,13498318,8528196,-7167107,-7482636,AMNL
843,2011,0000008328,10524447,3948611,-4699735,-270387,13498318,8528196,-7167107,-7482636,AMNL
844,2011,0000008328,10524447,3948611,-4699735,-270387,13498318,8528196,-7167107,-7482636,AMNL
845,2011,0000008328,10524447,3948611,-4699735,-270387,13498318,8528196,-7167107,-7482636,AMNL
846,2011,0000008328,10524447,3948611,-4699735,-270387,13498318,8528196,-7167107,-7482636,AMNL
847,2011,0000008328,10524447,3948611,-4699735,-270387,13498318,8528196,-7167107,-7482636,AMNL
848,2011,0000008328,10524447,3948611,-4699735,-270387,13498318,8528196,-7167107,-7482636,AMNL
849,2011,0000008328,10524447,3948611,-4699735,-270387,13498318,8528196,-7167107,-7482636,AMNL
850,2011,0000008328,10524447,3948611,-4699735,-270387,13498318,8528196,-7167107,-7482636,AMNL
851,2011,0000008328,10524447,3948611,-4699735,-270387,13498318,8528196,-7167107,-7482636,AMNL
852,2011,0000008328,10524447,3948611,-4699735,-270387,13498318,8528196,-7167107,-7482636,AMNL
853,2011,0000008328,10524447,3948611,-4699735,-270387,13498318,8528196,-7167107,-7482636,AMNL
854,2011,0000008328,10524447,3948611,-4699735,-270387,13498318,8528196,-7167107,-7482636,AMNL
855,2011,0000008328,10524447,3948611,-4699735,-270387,13498318,8528196,-7167107,-7482636,AMNL
856,2011,0000008328,10524447,3948611,-4699735,-270387,13498318,8528196,-7167107,-7482636,AMNL
857,2011,0000008328,10524447,3948611,-4699735,-270387,13498318,8528196,-7167107,-7482636,AMNL
858,2011,0000008328,10524447,3948611,-4699735,-270387,13498318,8528196,-7167107,-7482636,AMNL
859,2011,0000008328,10524447,3948611,-4699735,-270387,13498318,8528196,-7167107,-7482636,AMNL
860,2011,0000008328,10524447,3948611,-4699735,-270387,13498318,8528196,-7167107,-7482636,AMNL
861,2011,0000008328,10524447,3948611,-4699735,-270387,13498318,8528196,-7167107,-7482636,AMNL
862,2011,0000008328,10524447,3948611,-4699735,-270387,13498318,8528196,-7167107,-7482636,AMNL
863,2011,0000008328,10524447,3948611,-4699735,-270387,13498318,8528196,-7167107,-7482636,AMNL
864,2011,0000008328,10524447,3948611,-4699735,-270387,13498318,8528196,-7167107,-7482636,AMNL
865,2011,0000008328,10524447,3948611,-4699735,-270387,13498318,8528196,-7167107,-7482636,AMNL
866,2011,0000008328,10524447,3948611,-4699735,-270387,13498318,8528196,-7167107,-7482636,AMNL
867,2011,0000008328,10524447,3948611,-4699735,-270387,13498318,8528196,-7167107,-7482636,AMNL
868,2011,0000008328,10524447,3948611,-4699735,-270387,13498318,8528196,-7167107,-7482636,AMNL
869,2011,0000008328,10524447,3948611,-4699735,-270387,13498318,8528196,-7167107,-7482636,AMNL
870,2011,0000008328,10524447,3948611,-4699735,-270387,13498318,8528196,-7167107,-7482636,AMNL
871,2011,0000008328,10524447,3948611,-4699735,-270387,13498318,8528196,-7167107,-7482636,AMNL
872,2011,0000008328,10524447,3948611,-4699735,-270387,13498318,8528196,-7167107,-7482636,AMNL
873,2011,0000008328,10524447,3948611,-4699735,-270387,13498318,8528196,-7167107,-7482636,AMNL
874,2011,0000008328,10524447,3948611,-4699735,-270387,13498318,8528196,-7167107,-7482636,AMNL
875,2011,0000008328,10524447,3948611,-4699735,-270387,13498318,8528196,-7167107,-7482636,AMNL
876,2011,0000008328,10524447,3948611,-4699735,-270387,13498318,8528196,-7167107,-7482636,AMNL
877,2011,0000008328,10524447,3948611,-4699735,-270387,13498318,8528196,-7167107,-7482636,AMNL
878,2011,0000008328,10524447,3948611,-4699735,-270387,13498318,8528196,-7167107,-7482636,AMNL
879,2011,0000008328,10524447,3948611,-4699735,-270387,13498318,8528196,-7167107,-7482636,AMNL
880,2011,0000008328,10524447,3948611,-4699735,-270387,13498318,8528196,-7167107,-7482636,AMNL
881,2011,0000008328,10524447,3948611,-4699735,-270387,13498318,8528196,-7167107,-7482636,AMNL
882,2011,0000008328,10524447,3948611,-4699735,-270387,13498318,8528196,-7167107,-7482636,AMNL
883,2011,0000008328,10524447,3948611,-4699735,-270387,13498318,8528196,-7167107,-7482636,AMNL
884,2011,0000008328,10524447,3948611,-4699735,-270387,13498318,8528196,-7167107,-7482636,AMNL
885,2011,0000008328,10524447,3948611,-4699735,-270387,13498318,8528196,-7167107,-7482636,AMNL
886,2011,0000008328,10524447,3948611,-4699735,-270387,13498318,8528196,-7167107,-7482636,AMNL
887,2011,0000008328,10524447,3948611,-4699735,-270387,13498318,8528196,-7167107,-7482636,AMNL
888,2011,0000008328,10524447,3948611,-4699735,-270387,13498318,8528196,-7167107,-7482636,AMNL
889,2011,0000008328,10524447,3948611,-4699735,-270387,13498318,8528196,-7167107,-7482636,AMNL
890,2011,0000008328,10524447,3948611,-4699735,-270387,13498318,8528196,-7167107,-7482636,AMNL
891,2011,0000008328,10524447,3948611,-4699735,-270387,13498318,8528196,-7167107,-7482636,AMNL
892,2011,0000008328,10524447,3948611,-4699735,-270387,13498318,8528196,-7167107,-7482636,AMNL
893,2011,0000008328,10524447,3948611,-4699735,-270387,13498318,8528196,-7167107,-7482636,AMNL
894,2011,0000008328,10524447,3948611,-4699735,-270387,13498318,8528196,-7167107,-7482636,AMNL
895,2011,0000008328,10524447,3948611,-4699735,-270387,13498318,8528196,-7167107,-7482636,AMNL
897,2011,0001080340,7264363,1501103,381297,-1404880,859465,-164118,369077,256524,LOAN
905,2011,0001054274,603908,337193,-2196825,73209,990000,-1133616,-13848673,-13853203,ADYX
907,2011,0001411036,41599,3434145,-280510,0,274537,-5973,5798181,7409364,CLTH
912,2011,0001358099,299731,427415,-73187,0,370420,297233,-86958,-116622,UCIX
913,2011,0001358099,299731,427415,-73187,0,370420,297233,-58925,-88589,UCIX
914,2011,0001358099,299731,427415,-73187,0,370420,297233,-86958,-116622,UCIX
915,2011,0001358099,299731,427415,-73187,0,370420,297233,-58925,-88589,UCIX
916,2011,0001358099,299731,427415,-73187,0,370420,297233,-86958,-116622,UCIX
917,2011,0001358099,299731,427415,-73187,0,370420,297233,-58925,-88589,UCIX
918,2011,0001358099,299731,427415,-73187,0,370420,297233,-86958,-116622,UCIX
919,2011,0001358099,299731,427415,-73187,0,370420,297233,-58925,-88589,UCIX
949,2011,0000708821,77010000,38565000,11001000,-8361000,-1579000,967000,-20792000,-15532000,PAR
951,2011,0001088034,4086922,4298666,2404869,-4880,300000,2699989,372999,351848,USIO
954,2012,0000912615,596992000,233466000,282702000,55292000,-532347000,-194984000,284725000,185251000,URBN
956,2011,0001127993,35612,545818,-162007,0,175000,12993,-257398,-570302,GAXY
957,2012,0000895447,316261000,75760000,30875000,-21155000,689000,10409000,42137000,26382000,SCVL
958,2011,0001132509,232,354845,-21900,0,21850,-50,-379217,-475515,NNAX
959,2012,0001223389,452558000,94674000,64517000,-4386000,-64843000,-4712000,29701000,-3723000,CONN
962,2011,0001415332,1044125,21730,-487498,-26214,84984,-428728,-610168,-590911,LTUM
963,2011,0001415332,1044125,21730,-487498,-26214,84984,-428728,-610168,-590911,LTUM
964,2011,0001415332,1044125,21730,-487498,-26214,84984,-428728,-610168,-590911,LTUM
965,2011,0001415332,1044125,21730,-487498,-26214,84984,-428728,-610168,-590911,LTUM
966,2011,0001415332,1044125,21730,-487498,-26214,84984,-428728,-610168,-590911,LTUM
967,2011,0001415332,1044125,21730,-487498,-26214,84984,-428728,-610168,-590911,LTUM
968,2011,0001415332,1044125,21730,-487498,-26214,84984,-428728,-610168,-590911,LTUM
969,2011,0001415332,1044125,21730,-487498,-26214,84984,-428728,-610168,-590911,LTUM
974,2011,0001140102,5437131,3601059,-627321,-128664,220000,-535985,886536,853903,HQI
1017,2012,0000798081,73707953,9453188,-4459,-4871932,4616379,-242031,1437567,-376825,LAKE
1037,2011,0001393772,3356,243116,-123736,0,122636,-1100,2086635,2090135,BUDZ
1044,2011,0001514443,372411,844992,-65566,-47016,256290,143708,-1142453,-1171921,AGSS
1045,2011,0001514443,372411,844992,-65566,-47016,256290,143708,-1142453,-1171921,AGSS
1046,2011,0001514443,372411,844992,-65566,-47016,256290,143708,-1142453,-1171921,AGSS
1047,2011,0001514443,372411,844992,-65566,-47016,256290,143708,-1142453,-1171921,AGSS
1048,2011,0001514443,372411,844992,-65566,-47016,256290,143708,-1142453,-1171921,AGSS
1049,2011,0001514443,372411,844992,-65566,-47016,256290,143708,-1142453,-1171921,AGSS
1050,2011,0001514443,372411,844992,-65566,-47016,256290,143708,-1142453,-1171921,AGSS
1051,2011,0001514443,372411,844992,-65566,-47016,256290,143708,-1142453,-1171921,AGSS
1052,2012,0000730255,39789000,23601000,12432000,-510000,-10562000,1360000,7370000,5218000,CAMP
1054,2011,0000819689,9010271,2891593,926488,-3186060,-344659,-2604231,-1218783,-1337472,MICR
1062,2012,0000724910,26170233,1667905,12811910,-12219619,36,592327,14273048,11381095,NVEC
1065,2012,0000914122,82434000,39486000,-190000,-10068000,-1866000,-12509000,-5091000,-4987000,PPIH
1066,2012,0000914122,82434000,39486000,-190000,-10068000,-1866000,-12509000,-5091000,-4987000,PPIH
1067,2012,0000914122,82434000,39486000,-190000,-10068000,-1866000,-12509000,-5091000,-4987000,PPIH
1068,2012,0000914122,82434000,39486000,-190000,-10068000,-1866000,-12509000,-5091000,-4987000,PPIH
1071,2012,0001172178,170020,4457613,-1164147,-29656,249357,-944446,-2115952,-2461459,LBSR
1072,2012,0001439288,1018300000,467300000,139300000,-324200000,93200000,-93000000,241800000,29900000,ZWS
1182,2012,0001295947,147035000,63923000,67452000,-662206000,600434000,5681000,102823000,37212000,PBH
1195,2012,0000091668,11493000,1858000,876000,-431000,1000,446000,744000,746000,SODI
1205,2012,0001164256,626778,3848154,-37700,-231388,285100,16012,-795870,-1596208,DBRM
1217,2012,0000010254,10006000,3434000,5278000,-2467000,-84000,2727000,3862000,3279000,ESTE
1218,2012,0000010254,10006000,3434000,5278000,-2467000,-84000,2727000,3862000,3279000,ESTE
1219,2012,0000010254,10006000,3434000,5278000,-2467000,-84000,2727000,3862000,3279000,ESTE
1220,2012,0000010254,10006000,3434000,5278000,-2467000,-84000,2727000,3862000,3279000,ESTE
1221,2012,0000010254,10006000,3434000,5278000,-2467000,-84000,2727000,3862000,3279000,ESTE
1222,2012,0000010254,10006000,3434000,5278000,-2467000,-84000,2727000,3862000,3279000,ESTE
1223,2012,0000010254,10006000,3434000,5278000,-2467000,-84000,2727000,3862000,3279000,ESTE
1224,2012,0000010254,10006000,3434000,5278000,-2467000,-84000,2727000,3862000,3279000,ESTE
1226,2012,0000927355,165763400,99983600,21745500,-6513700,-5198400,10033400,27003800,16436900,TESS
1227,2012,0000067347,427531000,297551000,45758000,-65010000,18754000,-1485000,67524000,38461000,MOD
1228,2012,0000067347,427531000,297551000,45758000,-65010000,18754000,-1485000,67524000,38461000,MOD
1229,2012,0000067347,427531000,297551000,45758000,-65010000,18754000,-1485000,67524000,38461000,MOD
1230,2012,0000067347,427531000,297551000,45758000,-65010000,18754000,-1485000,67524000,38461000,MOD
1231,2012,0000067347,427531000,297551000,45758000,-65010000,18754000,-1485000,67524000,38461000,MOD
1232,2012,0000067347,427531000,297551000,45758000,-65010000,18754000,-1485000,67524000,38461000,MOD
1233,2012,0000067347,427531000,297551000,45758000,-65010000,18754000,-1485000,67524000,38461000,MOD
1234,2012,0000067347,427531000,297551000,45758000,-65010000,18754000,-1485000,67524000,38461000,MOD
1243,2012,0000931059,8294000,582000,-3108000,3328000,0,245000,-2515000,-1429000,RNVA
1244,2012,0000931059,8294000,582000,-3108000,3328000,0,245000,-2515000,-1429000,RNVA
1245,2012,0000931059,8294000,582000,-3108000,3328000,0,245000,-2515000,-1429000,RNVA
1246,2012,0000931059,8294000,582000,-3108000,3328000,0,245000,-2515000,-1429000,RNVA
1247,2012,0000931059,8294000,582000,-3108000,3328000,0,245000,-2515000,-1429000,RNVA
1248,2012,0000931059,8294000,582000,-3108000,3328000,0,245000,-2515000,-1429000,RNVA
1249,2012,0000931059,8294000,582000,-3108000,3328000,0,245000,-2515000,-1429000,RNVA
1250,2012,0000931059,8294000,582000,-3108000,3328000,0,245000,-2515000,-1429000,RNVA
1283,2012,0000709283,281221000,210053000,45660000,-21974000,-48353000,-24749000,5192000,-8809000,QMCO
1284,2012,0000709283,281221000,210053000,45660000,-21974000,-48353000,-24749000,5192000,-8809000,QMCO
1285,2012,0000709283,281221000,210053000,45660000,-21974000,-48353000,-24749000,5192000,-8809000,QMCO
1286,2012,0000709283,281221000,210053000,45660000,-21974000,-48353000,-24749000,5192000,-8809000,QMCO
1287,2012,0000709283,281221000,210053000,45660000,-21974000,-48353000,-24749000,5192000,-8809000,QMCO
1288,2012,0000709283,281221000,210053000,45660000,-21974000,-48353000,-24749000,5192000,-8809000,QMCO
1289,2012,0000709283,281221000,210053000,45660000,-21974000,-48353000,-24749000,5192000,-8809000,QMCO
1290,2012,0000709283,281221000,210053000,45660000,-21974000,-48353000,-24749000,5192000,-8809000,QMCO
1293,2012,0001372183,61056,14607206,-4822423,-305000,4720595,-406828,-13957397,-13651066,NXTP
1294,2012,0000915779,229006000,109173000,20038000,-18753000,-26284000,-24885000,10275000,8489000,DAKT
1308,2012,0001173204,63393000,60436000,39938000,-17315000,-15528000,7095000,15194000,-23040000,CIDM
1311,2012,0000102109,11786272,1293765,-3823293,556870,-275896,-3542319,-1449572,-503288,UUU
1312,2012,0000102109,11786272,1293765,-3823293,556870,-275896,-3542319,-1449572,-503288,UUU
1313,2012,0000102109,11786272,1293765,-3823293,556870,-275896,-3542319,-1449572,-503288,UUU
1314,2012,0000102109,11786272,1293765,-3823293,556870,-275896,-3542319,-1449572,-503288,UUU
1315,2012,0000102109,11786272,1293765,-3823293,556870,-275896,-3542319,-1449572,-503288,UUU
1316,2012,0000102109,11786272,1293765,-3823293,556870,-275896,-3542319,-1449572,-503288,UUU
1317,2012,0000102109,11786272,1293765,-3823293,556870,-275896,-3542319,-1449572,-503288,UUU
1318,2012,0000102109,11786272,1293765,-3823293,556870,-275896,-3542319,-1449572,-503288,UUU
1327,2012,0001289636,8143468,1494182,1604135,-1487628,0,225491,4367617,3187771,PFIE
1328,2012,0000065270,240433000,91877000,24825000,-32097000,37899000,29352000,11357000,8383000,MEI
1332,2012,0000924805,41210068,20046765,15278079,136255136,-109269699,42263516,-23963932,-139216221,FRHC
1336,2012,0001053369,1497840,4549109,-394082,-657790,-105580,-1157451,-1966138,-15058274,ELTP
1339,2012,0000794619,131102000,59221000,16053000,-9918000,5065000,11200000,-33446000,-20786000,AMWD
1340,2012,0000923601,5277443,6291220,-237484,-165216,-4547,-407247,470912,463116,MICS
1349,2011,0001013880,478282000,170011000,113799000,-86931000,15891000,36986000,93454000,74174000,TTEC
1360,2012,0001285785,6581100000,1917700000,2705800000,-1627400000,-1061100000,-95400000,2611100000,1930200000,MOS
1361,2012,0001285785,6581100000,1917700000,2705800000,-1627400000,-1061100000,-95400000,2611100000,1930200000,MOS
1362,2012,0001285785,6581100000,1917700000,2705800000,-1627400000,-1061100000,-95400000,2611100000,1930200000,MOS
1363,2012,0001285785,6581100000,1917700000,2705800000,-1627400000,-1061100000,-95400000,2611100000,1930200000,MOS
1364,2012,0001285785,6581100000,1917700000,2705800000,-1627400000,-1061100000,-95400000,2611100000,1930200000,MOS
1365,2012,0001285785,6581100000,1917700000,2705800000,-1627400000,-1061100000,-95400000,2611100000,1930200000,MOS
1366,2012,0001285785,6581100000,1917700000,2705800000,-1627400000,-1061100000,-95400000,2611100000,1930200000,MOS
1367,2012,0001285785,6581100000,1917700000,2705800000,-1627400000,-1061100000,-95400000,2611100000,1930200000,MOS
1377,2012,0000034956,2631032,3126870,-8278366,-261146,9467440,927928,8220197,15712410,TENX
1378,2012,0001084765,228235000,61651000,36370000,-20528000,-49109000,-34500000,73092000,41142000,RGP
1381,2012,0001165320,7249,1269516,-96518,0,51000,-45518,-102841,-14763,GBLX
1409,2012,0001123360,1248739000,837285000,-173475000,-150433000,-218186000,-573010000,9811000,5086000,GPN
1410,2012,0001123360,1248739000,837285000,-173475000,-150433000,-218186000,-573010000,9811000,5086000,GPN
1411,2012,0001123360,1248739000,837285000,-173475000,-150433000,-218186000,-573010000,9811000,5086000,GPN
1412,2012,0001123360,1248739000,837285000,-173475000,-150433000,-218186000,-573010000,9811000,5086000,GPN
1413,2012,0001123360,1248739000,837285000,-173475000,-150433000,-218186000,-573010000,9811000,5086000,GPN
1414,2012,0001123360,1248739000,837285000,-173475000,-150433000,-218186000,-573010000,9811000,5086000,GPN
1415,2012,0001123360,1248739000,837285000,-173475000,-150433000,-218186000,-573010000,9811000,5086000,GPN
1416,2012,0001123360,1248739000,837285000,-173475000,-150433000,-218186000,-573010000,9811000,5086000,GPN
1426,2012,0001002638,789274000,476513000,266490000,-281539000,302584000,275607000,149360000,125174000,OTEX
1427,2012,0001002638,789274000,476513000,266490000,-281539000,302584000,275607000,149360000,125174000,OTEX
1428,2012,0001002638,789274000,476513000,266490000,-281539000,302584000,275607000,149360000,125174000,OTEX
1429,2012,0001002638,789274000,476513000,266490000,-281539000,302584000,275607000,149360000,125174000,OTEX
1430,2012,0001002638,789274000,476513000,266490000,-281539000,302584000,275607000,149360000,125174000,OTEX
1431,2012,0001002638,789274000,476513000,266490000,-281539000,302584000,275607000,149360000,125174000,OTEX
1432,2012,0001002638,789274000,476513000,266490000,-281539000,302584000,275607000,149360000,125174000,OTEX
1433,2012,0001002638,789274000,476513000,266490000,-281539000,302584000,275607000,149360000,125174000,OTEX
1434,2012,0001137789,6310000000,3396000000,3262000000,-1114000000,-3118000000,-970000000,3108000000,2862000000,STX
1435,2012,0000080424,21910000000,24907000000,13284000000,-1093000000,-10410000000,1668000000,3063000000,3631000000,PG
1436,2012,0001399855,37252000,12667000,12857000,-9381000,-13534000,-10058000,9160000,5049000,NAUH
1445,2012,0000109563,665762000,230169000,90422000,-39434000,-60816000,-12650000,168395000,108779000,AIT
1454,2011,0001075857,297712,2115039,-20580,0,41287,20707,-687802,-1761019,VSYM
1457,2012,0001114925,21831000,9904000,-2523000,-639000,8700000,5538000,-2788000,-3040000,LTRX
1458,2012,0001114925,21831000,9904000,-2523000,-639000,8700000,5538000,-2788000,-3040000,LTRX
1459,2012,0001114925,21831000,9904000,-2523000,-639000,8700000,5538000,-2788000,-3040000,LTRX
1460,2012,0001114925,21831000,9904000,-2523000,-639000,8700000,5538000,-2788000,-3040000,LTRX
1461,2012,0001114925,21831000,9904000,-2523000,-639000,8700000,5538000,-2788000,-3040000,LTRX
1462,2012,0001114925,21831000,9904000,-2523000,-639000,8700000,5538000,-2788000,-3040000,LTRX
1463,2012,0001114925,21831000,9904000,-2523000,-639000,8700000,5538000,-2788000,-3040000,LTRX
1464,2012,0001114925,21831000,9904000,-2523000,-639000,8700000,5538000,-2788000,-3040000,LTRX
1481,2012,0000910406,448808000,202809000,121960000,-270664000,147423000,2378000,151528000,79225000,HAIN
1484,2012,0000096536,20981560,7181252,-1113720,-1556239,550377,-2119582,2887081,2198931,TAYD
1485,2012,0000842023,346507000,35750000,126746000,-21668000,-64625000,39062000,166209000,112331000,TECH
1486,2012,0001040470,10928000,4855000,-4875000,1330000,1576000,-1947000,-4507000,-3389000,AEHR
1493,2012,0000918965,1031930000,498401000,59958000,-12790000,-42292000,426000,113516000,74288000,SCSC
1497,2012,0001387467,193781000,63919000,32881000,-57931000,20462000,-4542000,16735000,12917000,AOSL
1540,2011,0001042187,23300969,17688994,817973,-1106907,-135465,-423351,1437702,483910,CTIB
1552,2011,0001095981,43337000,7821000,-35323000,-560000,20137000,-15746000,-29412000,-32451000,PSTV
1572,2012,0001477246,17423189,1903263,34124,-543484,5006311,4496951,619614,374835,SANW
1577,2011,0001419995,315667,3383600,-2885668,10641,2800423,-74604,-4313761,-4472848,DNAX
1579,2012,0000065312,10555618,2575932,38053,-65446,-351687,-379080,808738,511689,EVI
1597,2012,0000851726,4386484,19508840,-3301156,-5839075,9582085,441854,-5849595,-4219681,SFEG
1601,2012,0000918251,168231000,170419000,-38488000,-1591000,70182000,30140000,-27487000,-48514000,MPAA
1605,2012,0001368275,353048,119677,-340757,-40460,695696,313202,-305240,-305309,WESC
1606,2012,0001368275,353048,119677,-340757,-40460,695696,313202,-305240,-305309,WESC
1607,2012,0001368275,353048,119677,-340757,-40460,695696,313202,-305240,-305309,WESC
1608,2012,0001368275,353048,119677,-340757,-40460,695696,313202,-305240,-305309,WESC
1609,2012,0001368275,353048,119677,-340757,-40460,695696,313202,-305240,-305309,WESC
1610,2012,0001368275,353048,119677,-340757,-40460,695696,313202,-305240,-305309,WESC
1611,2012,0001368275,353048,119677,-340757,-40460,695696,313202,-305240,-305309,WESC
1612,2012,0001368275,353048,119677,-340757,-40460,695696,313202,-305240,-305309,WESC
1613,2011,0000737207,2576000,4639000,-16117000,3000,16024000,-90000,-34995000,-29424000,ATRX
1631,2012,0001422892,9786401,8032427,-355667,-42680,-28097,-445495,-2924314,-1768075,SGLY
1632,2012,0000912603,516819000,178842000,244790000,-84266000,-120052000,40401000,-1367000,-485000,SCHN
1633,2012,0000912603,516819000,178842000,244790000,-84266000,-120052000,40401000,-1367000,-485000,SCHN
1634,2012,0000912603,516819000,178842000,244790000,-84266000,-120052000,40401000,-1367000,-485000,SCHN
1635,2012,0000912603,516819000,178842000,244790000,-84266000,-120052000,40401000,-1367000,-485000,SCHN
1636,2012,0000912603,516819000,178842000,244790000,-84266000,-120052000,40401000,-1367000,-485000,SCHN
1637,2012,0000912603,516819000,178842000,244790000,-84266000,-120052000,40401000,-1367000,-485000,SCHN
1638,2012,0000912603,516819000,178842000,244790000,-84266000,-120052000,40401000,-1367000,-485000,SCHN
1639,2012,0000912603,516819000,178842000,244790000,-84266000,-120052000,40401000,-1367000,-485000,SCHN
1654,2011,0001083490,8591116,22370788,-4875740,-2622980,5840436,-1596904,-825188,-1416822,SRRE
1655,2011,0001083490,8591116,22370788,-4875740,-2622980,5840436,-1596904,-825188,-1416822,SRRE
1656,2011,0001083490,8591116,22370788,-4875740,-2622980,5840436,-1596904,-825188,-1416822,SRRE
1657,2011,0001083490,8591116,22370788,-4875740,-2622980,5840436,-1596904,-825188,-1416822,SRRE
1658,2011,0001083490,8591116,22370788,-4875740,-2622980,5840436,-1596904,-825188,-1416822,SRRE
1659,2011,0001083490,8591116,22370788,-4875740,-2622980,5840436,-1596904,-825188,-1416822,SRRE
1660,2011,0001083490,8591116,22370788,-4875740,-2622980,5840436,-1596904,-825188,-1416822,SRRE
1661,2011,0001083490,8591116,22370788,-4875740,-2622980,5840436,-1596904,-825188,-1416822,SRRE
1662,2011,0000914208,3834100000,2974400000,964800000,348100000,-1322100000,-9200000,898100000,729700000,IVZ
1667,2012,0001512927,1491618,1137964,-344495,-24557,304872,-39002,-376646,-103468,CUII
1679,2012,0001379006,14589159,1779615,-4217986,-58552,9327500,5050962,-6081749,-6207207,NNVC
1680,2012,0001409624,156552,1013383,103763,-26022,0,77741,-42099,-112947,HMLA
1711,2012,0000897723,2326299000,1219547000,215413000,-78027000,-366813000,-230670000,137490000,180234000,SANM
1722,2012,0000829224,4199600000,2209800000,1750300000,-974000000,-745500000,40500000,1997400000,1383800000,SBUX
1724,2012,0001260221,1050531000,233915000,413885000,-876292000,527186000,64341000,699775000,324969000,TDG
1734,2012,0001124941,630775000,295949000,85361000,-157035000,-31824000,-102822000,143672000,75565000,BECN
1735,2012,0001124941,630775000,295949000,85361000,-157035000,-31824000,-102822000,143672000,75565000,BECN
1736,2012,0001124941,630775000,295949000,85361000,-157035000,-31824000,-102822000,143672000,75565000,BECN
1737,2012,0001124941,630775000,295949000,85361000,-157035000,-31824000,-102822000,143672000,75565000,BECN
1738,2012,0001124941,630775000,295949000,85361000,-157035000,-31824000,-102822000,143672000,75565000,BECN
1739,2012,0001124941,630775000,295949000,85361000,-157035000,-31824000,-102822000,143672000,75565000,BECN
1740,2012,0001124941,630775000,295949000,85361000,-157035000,-31824000,-102822000,143672000,75565000,BECN
1741,2012,0001124941,630775000,295949000,85361000,-157035000,-31824000,-102822000,143672000,75565000,BECN
1743,2012,0001005210,338280000,253715000,110973000,-239758000,113549000,-15236000,42901000,1882000,SPH
1746,2012,0000063296,385225000,180873000,82123000,-45274000,-40971000,-3403000,21852000,12975000,MATW
1748,2012,0000784539,31201000,13815000,2889000,700000,-2313000,1200000,4322000,2420000,EACO
1759,2012,0001443388,0,612744,-779799,0,668000,-111799,-1132465,-1238054,GRYN
1779,2012,0000716688,1926819,377683,86598,-192398,-130068,-235868,9046,75801,MFCO
1780,2012,0000716688,1926819,377683,86598,-192398,-130068,-235868,9046,75801,MFCO
1781,2012,0000716688,1926819,377683,86598,-192398,-130068,-235868,9046,75801,MFCO
1782,2012,0000716688,1926819,377683,86598,-192398,-130068,-235868,9046,75801,MFCO
1783,2012,0000716688,1926819,377683,86598,-192398,-130068,-235868,9046,75801,MFCO
1784,2012,0000716688,1926819,377683,86598,-192398,-130068,-235868,9046,75801,MFCO
1785,2012,0000716688,1926819,377683,86598,-192398,-130068,-235868,9046,75801,MFCO
1786,2012,0000716688,1926819,377683,86598,-192398,-130068,-235868,9046,75801,MFCO
1809,2012,0000936395,1415690000,684970000,107089000,-11977000,7940000,100548000,-79846000,-144021000,CIEN
